Cidade,Estado,Rota,Latitude,Longitude,,
Chapecó,SC,Rota 0 - Chapecó,-270.922.364,-526.166.878,,
Águas de Chapecó,SC,Rota 1 - Itapiranga,-270.741.119,-529.879.048,,
Caibi,SC,Rota 1 - Itapiranga,-270.751.925,-532.502.133,,
Caxambu do Sul,SC,Rota 1 - Itapiranga,-271.615.046,-528.796.675,,
Guatambu,SC,Rota 1 - Itapiranga,-271.333.139,-527.852.104,,
Iporã do Oeste,SC,Rota 1 - Itapiranga,-26.988.409,-535.344.408,,
Itapiranga,SC,Rota 1 - Itapiranga,-271.724.236,-537.118.989,,
Mondaí,SC,Rota 1 - Itapiranga,-271.020.777,-53.399.242,,
Palmitos,SC,Rota 1 - Itapiranga,-270.711.023,-531.596.594,,
Planalto Alegre,SC,Rota 1 - Itapiranga,-270.721.133,-528.667.023,,
Riqueza,SC,Rota 1 - Itapiranga,-270.697.574,-533.225.281,,
São Carlos,SC,Rota 1 - Itapiranga,-27.081.863,-530.051.018,,
São João do Oeste,SC,Rota 1 - Itapiranga,-270.981.223,-535.931.508,,
Independência,RS,Rota 1 - Itapiranga,,,,
Águas Frias,SC,Rota 2 - São Miguel,-268.817.187,-528.599.756,,
Bandeirante,SC,Rota 2 - São Miguel,-267.673.451,-536.391.722,,
Barra Bonita,SC,Rota 2 - São Miguel,-266.526.364,-534.419.581,,
Belmonte,SC,Rota 2 - São Miguel,-268.448.262,-53.578.916,,
Bom Jesus do Oeste,SC,Rota 2 - São Miguel,-266.929.713,-530.967.453,,
Cunha Porã,SC,Rota 2 - São Miguel,-268.927.163,-531.716.516,,
Cunhataí,SC,Rota 2 - São Miguel,-269.735.014,-530.914.014,,
Descanso,SC,Rota 2 - São Miguel,-268.246.854,-535.017.586,,
Flor do Sertão,SC,Rota 2 - São Miguel,-267.784.693,-533.478.823,,
Guaraciaba,SC,Rota 2 - São Miguel,-266.001.986,-535.216.209,,
Iraceminha,SC,Rota 2 - São Miguel,-268.237.077,-53.272.834,,
Maravilha,SC,Rota 2 - São Miguel,-267.623.898,-531.747.387,,
Modelo,SC,Rota 2 - São Miguel,-267.752.383,-530.525.513,,
Nova Erechim,SC,Rota 2 - São Miguel,-269.027.688,-529.071.258,,
Nova Itaberaba,SC,Rota 2 - São Miguel,-269.406.956,-528.132.923,,
Paraíso,SC,Rota 2 - São Miguel,-266.180.705,-536.743.943,,
Pinhalzinho,SC,Rota 2 - São Miguel,-26.852.586,-529.872.478,,
Romelândia,SC,Rota 2 - São Miguel,-266.783.317,-533.189.986,,
Santa Helena,SC,Rota 2 - São Miguel,-269.388.476,-536.194.274,,
São Miguel da Boa Vista,SC,Rota 2 - São Miguel,-266.911.028,-532.522.818,,
São Miguel do Oeste,SC,Rota 2 - São Miguel,-267.278.977,-535.176.689,,
Saudades,SC,Rota 2 - São Miguel,-269.261.779,-530.046.945,,
Serra Alta,SC,Rota 2 - São Miguel,-267.291.439,-530.440.668,,
Sul Brasil,SC,Rota 2 - São Miguel,-267.379.101,-529.650.177,,
Tigrinhos,SC,Rota 2 - São Miguel,-266.869.135,-531.570.085,,
Tunápolis,SC,Rota 2 - São Miguel,-2.697.073,-536.382.084,,
Abelardo Luz,SC,Rota 3 - São Lourenço,-265.705.893,-523.280.339,,
Anchieta,SC,Rota 3 - São Lourenço,-265.350.527,-533.293.938,,
Bom Jesus,SC,Rota 3 - São Lourenço,-267.350.604,-523.916.519,,
Campo Erê,SC,Rota 3 - São Lourenço,-263.947.432,-530.790.495,,
Coronel Freitas,SC,Rota 3 - São Lourenço,-269.058.932,-527.028.055,,
Coronel Martins,SC,Rota 3 - São Lourenço,-265.124.719,-526.681.763,,
Entre Rios,SC,Rota 3 - São Lourenço,-267.236.463,-525.638.445,,
Formosa do Sul,SC,Rota 3 - São Lourenço,-266.478.829,-527.934.366,,
Galvão,SC,Rota 3 - São Lourenço,-264.553.595,-526.869.755,,
Ipuaçu,SC,Rota 3 - São Lourenço,-266.349.873,-524.555.915,,
Irati,SC,Rota 3 - São Lourenço,-266.577.742,-528.929.851,,
Jardinópolis,SC,Rota 3 - São Lourenço,-26.721.575,-528.591.464,,
Jupiá,SC,Rota 3 - São Lourenço,-263.985.774,-527.262.856,,
Lajeado Grande,SC,Rota 3 - São Lourenço,-268.583.425,-525.666.619,,
Marema,SC,Rota 3 - São Lourenço,-26.802.361,-52.626.445,,
Novo Horizonte,SC,Rota 3 - São Lourenço,-264.465.656,-528.319.931,,
Ouro Verde,SC,Rota 3 - São Lourenço,-266.941.871,-523.103.928,,
Palma Sola,SC,Rota 3 - São Lourenço,-263.482.487,-532.775.974,,
Quilombo,SC,Rota 3 - São Lourenço,-267.253.683,-527.193.084,,
Saltinho,SC,Rota 3 - São Lourenço,-26.604.932,-53.057.763,,
Santa Terezinha do Progresso,SC,Rota 3 - São Lourenço,-266.197.384,-531.986.638,,
Santiago do Sul,SC,Rota 3 - São Lourenço,-266.346.323,-526.753.323,,
São Bernardino,SC,Rota 3 - São Lourenço,-264.712.934,-529.658.921,,
São Domingos,SC,Rota 3 - São Lourenço,-265.593.237,-525.311.718,,
São Lourenço do Oeste,SC,Rota 3 - São Lourenço,-2.635.566,-52.849.837,,
União do Oeste,SC,Rota 3 - São Lourenço,-267.642.155,-528.515.985,,
Ampére,PR,Rota 4 - Parana 1,-259.168.712,-534.742.414,,
Barracão,PR,Rota 4 - Parana 1,-262.524.094,-536.349.764,,
Bela Vista da Caroba,PR,Rota 4 - Parana 1,-258.792.818,-536.672.545,,
Boa Vista da Aparecida,PR,Rota 4 - Parana 1,-254.357.216,-534.067.721,,
Bom Jesus do Sul,PR,Rota 4 - Parana 1,-26.192.388,-536.000.736,,
Capanema,PR,Rota 4 - Parana 1,-256.704.878,-538.083.036,,
Capitão Leônidas Marques,PR,Rota 4 - Parana 1,-25.481.645,-53.611.238,,
Cascavel,PR,Rota 4 - Parana 1,-249.554.996,-534.560.544,,
Céu Azul,PR,Rota 4 - Parana 1,-251.484.973,-538.494.214,,
Dionísio Cerqueira,SC,Rota 4 - Parana 1,-262.604.681,-536.346.379,,
Enéas Marques,PR,Rota 4 - Parana 1,-259.435.584,-531.637.539,,
Flor da Serra do Sul,PR,Rota 4 - Parana 1,-262.589.553,-53.308.432,,
Francisco Beltrão,PR,Rota 4 - Parana 1,-260.790.979,-530.533.527,,
Goioerê,PR,Rota 4 - Parana 1,-241.851.885,-530.250.623,,
Guarujá do Sul,SC,Rota 4 - Parana 1,-263.850.268,-53.527.794,,
Lindoeste,PR,Rota 4 - Parana 1,-252.608.275,-535.758.136,,
Manfrinópolis,PR,Rota 4 - Parana 1,-261.440.729,-533.113.372,,
Maringá,PR,Rota 4 - Parana 1,-23.425.269,-519.382.078,,
Marmeleiro,PR,Rota 4 - Parana 1,-261.472,-53.026.741,,
Matelândia,PR,Rota 4 - Parana 1,-252.404.183,-539.835.004,,
Medianeira,PR,Rota 4 - Parana 1,-252.954.233,-540.940.666,,
Nova Esperança do Sudoeste,PR,Rota 4 - Parana 1,-259.004.038,-532.617.627,,
Nova Prata do Iguaçu,PR,Rota 4 - Parana 1,-256.325.323,-533.463.611,,
Pérola d'Oeste,PR,Rota 4 - Parana 1,-25.827.794,-53.743.333,,
Pinhal de São Bento,PR,Rota 4 - Parana 1,-260.326.418,-534.837.511,,
Planalto,PR,Rota 4 - Parana 1,-257.184.492,-53.767.216,,
Pranchita,PR,Rota 4 - Parana 1,-260.209.403,-537.396.825,,
Princesa,SC,Rota 4 - Parana 1,-264.452.737,-53.599.913,,
Realeza,PR,Rota 4 - Parana 1,-257.720.262,-535.338.306,,
Renascença,PR,Rota 4 - Parana 1,-26.158.837,-52.970.349,,
Salgado Filho,PR,Rota 4 - Parana 1,-261.732.041,-533.619.195,,
Salto do Lontra,PR,Rota 4 - Parana 1,-257.815.642,-533.085.197,,
Santa Izabel do Oeste,PR,Rota 4 - Parana 1,-25.821.652,-53.480.146,,
Santa Lúcia,PR,Rota 4 - Parana 1,-254.079.427,-535.677.252,,
Santa Terezinha de Itaipu,PR,Rota 4 - Parana 1,-254.390.809,-544.019.902,,
Santo Antônio do Sudoeste,PR,Rota 4 - Parana 1,-260.727.118,-53.725.556,,
São José do Cedro,SC,Rota 4 - Parana 1,-264.555.904,-534.954.785,,
Serranópolis do Iguaçu,PR,Rota 4 - Parana 1,-253.798.835,-540.538.801,,
Boa Esperança do Iguaçu,PR,Rota 5 - Parana 2,-256.362.851,-532.139.114,,
Bom Sucesso do Sul,PR,Rota 5 - Parana 2,-260.749.256,-528.348.629,,
Candói,PR,Rota 5 - Parana 2,-255.711.951,-52.051.107,,
Catanduvas,PR,Rota 5 - Parana 2,-252.043.528,-53.154.826,,
Chopinzinho,PR,Rota 5 - Parana 2,-258.566.167,-525.294.107,,
Clevelândia,PR,Rota 5 - Parana 2,-26.404.065,-523.513.972,,
Coronel Domingos Soares,PR,Rota 5 - Parana 2,-2.622.394,-520.314.509,,
Coronel Vivida,PR,Rota 5 - Parana 2,-259.803.771,-525.654.277,,
Cruzeiro do Iguaçu,PR,Rota 5 - Parana 2,-256.142.278,-531.299.075,,
Dois Vizinhos,PR,Rota 5 - Parana 2,-257.464.681,-530.554.369,,
Espigão Alto do Iguaçu,PR,Rota 5 - Parana 2,-254.223.729,-528.376.411,,
Foz do Jordão,PR,Rota 5 - Parana 2,-257.377.144,-521.209.188,,
Honório Serpa,PR,Rota 5 - Parana 2,-26.143.149,-52.383.794,,
Ibema,PR,Rota 5 - Parana 2,-251.192.916,-530.071.928,,
Itapejara d'Oeste,PR,Rota 5 - Parana 2,-259.651.274,-528.149.217,,
Laranjeiras do Sul,PR,Rota 5 - Parana 2,-254.073.197,-524.150.132,,
Mangueirinha,PR,Rota 5 - Parana 2,-259.412.009,-521.740.852,,
Mariópolis,PR,Rota 5 - Parana 2,-263.518.327,-525.491.563,,
Pato Branco,PR,Rota 5 - Parana 2,-262.295.984,-526.712.474,,
Porto Barreiro,PR,Rota 5 - Parana 2,-255.466.703,-52.409.026,,
Quedas do Iguaçu,PR,Rota 5 - Parana 2,-25.453.001,-529.090.429,,
Rio Bonito do Iguaçu,PR,Rota 5 - Parana 2,-254.903.906,-525.262.069,,
São João,PR,Rota 5 - Parana 2,-258.273.206,-527.256.633,,
São Jorge d'Oeste,PR,Rota 5 - Parana 2,-257.086.966,-529.189.882,,
Saudade do Iguaçu,PR,Rota 5 - Parana 2,-256.915.533,-526.184.857,,
Sulina,PR,Rota 5 - Parana 2,-257.001.327,-527.207.833,,
Três Barras do Paraná,PR,Rota 5 - Parana 2,-254.212.699,-531.837.577,,
Verê,PR,Rota 5 - Parana 2,-258.812.309,-529.081.757,,
Vitorino,PR,Rota 5 - Parana 2,-262.647.687,-527.804.392,,
Água Doce,SC,Rota A - Oeste,-269.986.047,-515.529.306,,
Alto Bela Vista,SC,Rota A - Oeste,-274.320.737,-51.905.771,,
Arabutã,SC,Rota A - Oeste,-271.587.028,-521.438.142,,
Arvoredo,SC,Rota A - Oeste,-270.755.081,-524.570.855,,
Caçador,SC,Rota A - Oeste,-267.737.784,-510.134.844,,
Capinzal,SC,Rota A - Oeste,-273.440.651,-516.110.403,,
Catanduvas,SC,Rota A - Oeste,-270.689.719,-51.660.158,,
Concórdia,SC,Rota A - Oeste,-272.312.011,-520.231.024,,
Cordilheira Alta,SC,Rota A - Oeste,-269.853.947,-52.603.549,,
Curitibanos,SC,Rota A - Oeste,-272.900.659,-505.779.683,,
Faxinal dos Guedes,SC,Rota A - Oeste,-268.494.222,-522.586.485,,
Fraiburgo,SC,Rota A - Oeste,-27.023.288,-50.919.978,,
Frei Rogério,SC,Rota A - Oeste,-27.175.021,-50.807.621,,
Ipira,SC,Rota A - Oeste,-274.053.188,-517.734.648,,
Ipumirim,SC,Rota A - Oeste,-270.762.287,-52.135.736,,
Irani,SC,Rota A - Oeste,-270.230.476,-519.010.675,,
Itá,SC,Rota A - Oeste,-27.275.006,-523.381.725,,
Jaborá,SC,Rota A - Oeste,-271.743.246,-517.348.631,,
Lacerdópolis,SC,Rota A - Oeste,-272.614.296,-515.564.429,,
Lebon Régis,SC,Rota A - Oeste,-26.927.987,-50.692.109,,
Lindóia do Sul,SC,Rota A - Oeste,-270.520.334,-520.831.975,,
Ouro,SC,Rota A - Oeste,-273.389.051,-516.137.785,,
Paial,SC,Rota A - Oeste,-272.564.715,-524.998.045,,
Palmas,PR,Rota 5 - Parana 2,-26.483.868,-51.988.812,,
Passos Maia,SC,Rota A - Oeste,-267.806.434,-520.611.058,,
Peritiba,SC,Rota A - Oeste,-273.736.365,-519.050.311,,
Piratuba,SC,Rota A - Oeste,-274.215.816,-517.822.762,,
Ponte Alta do Norte,SC,Rota A - Oeste,-271.626.096,-504.684.028,,
Ponte Serrada,SC,Rota A - Oeste,-268.708.566,-520.164.089,,
Presidente Castello Branco,SC,Rota A - Oeste,-272.217.868,-518.089.482,,
Rio das Antas,SC,Rota A - Oeste,-268.998.189,-510.748.324,,
Santa Cecília,SC,Rota A - Oeste,-269.658.952,-504.182.571,,
São Cristóvão do Sul,SC,Rota A - Oeste,-272.670.093,-504.409.508,,
Seara,SC,Rota A - Oeste,-271.528.578,-523.096.985,,
Vargeão,SC,Rota A - Oeste,-26.861.277,-521.544.966,,
Vargem Bonita,SC,Rota A - Oeste,-27.005.456,-51.740.238,,
Videira,SC,Rota A - Oeste,-2.700.544,-511.533.733,,
Xanxerê,SC,Rota A - Oeste,-268.748.603,-524.035.964,,
Xavantina,SC,Rota A - Oeste,-270.702.363,-523.431.086,,
Xaxim,SC,Rota A - Oeste,-269.605.363,-525.335.505,,
Zortéa,SC,Rota A - Oeste,-274.535.362,-5.155.359,,
Agrolândia,SC,Rota B - Litoral Norte,-274.120.688,-498.294.621,,
Agronômica,SC,Rota B - Litoral Norte,-272.660.744,-497.104.753,,
Águas Mornas,SC,Rota B - Litoral Norte,-27.696.316,-488.247.831,,
Alfredo Wagner,SC,Rota B - Litoral Norte,-276.961.513,-493.326.734,,
Angelina,SC,Rota B - Litoral Norte,-275.805.287,-489.838.759,,
Antônio Carlos,SC,Rota B - Litoral Norte,-275.168.462,-487.684.715,,
Apiúna,SC,Rota B - Litoral Norte,-270.374.658,-493.885.037,,
Araquari,SC,Rota B - Litoral Norte,-263.703.324,-487.210.994,,
Ascurra,SC,Rota B - Litoral Norte,-269.569.975,-493.767.752,,
Atalanta,SC,Rota B - Litoral Norte,-27.421.916,-49.778.863,,
Aurora,SC,Rota B - Litoral Norte,-273.166.417,-496.368.502,,
Balneário Barra do Sul,SC,Rota B - Litoral Norte,-26.459.842,-486.061.471,,
Balneário Camboriú,SC,Rota B - Litoral Norte,-269.924.395,-486.339.782,,
Balneário Piçarras,SC,Rota B - Litoral Norte,-267.638.889,-486.716.667,,
Barra Velha,SC,Rota B - Litoral Norte,-266.338.203,-486.835.001,,
Benedito Novo,SC,Rota B - Litoral Norte,-267.840.657,-493.629.511,,
Biguaçu,SC,Rota B - Litoral Norte,-274.961.277,-486.542.432,,
Blumenau,SC,Rota B - Litoral Norte,-269.195.567,-490.658.025,,
Bocaina do Sul,SC,Rota B - Litoral Norte,-27.745.494,-49.942.279,,
Bom Retiro,SC,Rota B - Litoral Norte,-27.798.993,-49.486.994,,
Bombinhas,SC,Rota B - Litoral Norte,-271.519.159,-484.875.691,,
Botuverá,SC,Rota B - Litoral Norte,-271.990.695,-490.726.471,,
Braço do Trombudo,SC,Rota B - Litoral Norte,-27.358.578,-49.882.145,,
Brusque,SC,Rota B - Litoral Norte,-270.964.628,-489.136.323,,
Camboriú,SC,Rota B - Litoral Norte,-270.273.601,-486.535.657,,
Canelinha,SC,Rota B - Litoral Norte,-272.660.341,-487.666.708,,
Chapadão do Lageado,SC,Rota B - Litoral Norte,-27.590.507,-49.553.879,,
Corupá,SC,Rota B - Litoral Norte,-264.267.153,-4.924.747,,
Dona Emma,SC,Rota B - Litoral Norte,-269.849.398,-497.265.136,,
Doutor Pedrinho,SC,Rota B - Litoral Norte,-26.716.408,-49.482.726,,
Florianópolis,SC,Rota B - Litoral Norte,-275.973.002,-485.496.098,,
Garuva,SC,Rota B - Litoral Norte,-260.294.904,-488.545.202,,
Gaspar,SC,Rota B - Litoral Norte,-269.307.306,-489.566.824,,
Governador Celso Ramos,SC,Rota B - Litoral Norte,-27.317.161,-48.557.608,,
Guabiruba,SC,Rota B - Litoral Norte,-270.864.326,-489.781.319,,
Guaramirim,SC,Rota B - Litoral Norte,-264.744.805,-489.981.151,,
Ibirama,SC,Rota B - Litoral Norte,-270.537.021,-495.190.771,,
Ilhota,SC,Rota B - Litoral Norte,-269.022.824,-488.284.968,,
Imbuia,SC,Rota B - Litoral Norte,-2.749.082,-49.421.766,,
Indaial,SC,Rota B - Litoral Norte,-268.901.747,-492.416.736,,
Itajaí,SC,Rota B - Litoral Norte,-269.046.787,-486.552.979,,
Itapema,SC,Rota B - Litoral Norte,-2.709.472,-486.137.778,,
Itapoá,SC,Rota B - Litoral Norte,-261.116.267,-486.056.373,,
Ituporanga,SC,Rota B - Litoral Norte,-274.096.219,-496.014.812,,
Jaraguá do Sul,SC,Rota B - Litoral Norte,-264.897.432,-490.778.063,,
Joinville,SC,Rota B - Litoral Norte,-263.044.898,-488.486.726,,
José Boiteux,SC,Rota B - Litoral Norte,-26.962.072,-496.262.509,,
Laurentino,SC,Rota B - Litoral Norte,-272.193.231,-497.322.856,,
Leoberto Leal,SC,Rota B - Litoral Norte,-275.071.209,-492.871.979,,
Lontras,SC,Rota B - Litoral Norte,-271.679.891,-495.424.602,,
Luiz Alves,SC,Rota B - Litoral Norte,-267.118.577,-489.126.756,,
Major Gercino,SC,Rota B - Litoral Norte,-27.419.236,-4.894.878,,
Massaranduba,SC,Rota B - Litoral Norte,-26.610.868,-49.005.351,,
Mirim Doce,SC,Rota B - Litoral Norte,-272.003.527,-500.697.185,,
Navegantes,SC,Rota B - Litoral Norte,-268.898.813,-486.495.828,,
Nova Trento,SC,Rota B - Litoral Norte,-272.862.616,-489.302.652,,
Otacílio Costa,SC,Rota B - Litoral Norte,-274.832.304,-501.195.204,,
Palhoça,SC,Rota B - Litoral Norte,-276.447.774,-486.646.323,,
Palmeira,SC,Rota B - Litoral Norte,-275.797.981,-501.589.086,,
Penha,SC,Rota B - Litoral Norte,-26.775.418,-486.465.251,,
Petrolândia,SC,Rota B - Litoral Norte,-275.329.615,-496.984.597,,
Pomerode,SC,Rota B - Litoral Norte,-267.356.218,-491.770.095,,
Porto Belo,SC,Rota B - Litoral Norte,-271.542.415,-485.424.395,,
Pouso Redondo,SC,Rota B - Litoral Norte,-272.567.443,-499.331.593,,
Presidente Getúlio,SC,Rota B - Litoral Norte,-270.426.247,-496.210.429,,
Presidente Nereu,SC,Rota B - Litoral Norte,-27.278.277,-493.890.424,,
Rancho Queimado,SC,Rota B - Litoral Norte,-276.727.911,-490.124.197,,
Rio do Campo,SC,Rota B - Litoral Norte,-26.946.807,-501.412.936,,
Rio do Oeste,SC,Rota B - Litoral Norte,-27.193.267,-497.984.595,,
Rio do Sul,SC,Rota B - Litoral Norte,-272.162.607,-49.643.654,,
Rio dos Cedros,SC,Rota B - Litoral Norte,-26.739.777,-49.271.828,,
Rodeio,SC,Rota B - Litoral Norte,-269.233.304,-493.685.354,,
Salete,SC,Rota B - Litoral Norte,-269.841.891,-500.076.205,,
Santa Terezinha,SC,Rota B - Litoral Norte,-267.813,-50.009.017,,
Santo Amaro da Imperatriz,SC,Rota B - Litoral Norte,-276.865.324,-487.769.405,,
São Francisco do Sul,SC,Rota B - Litoral Norte,-262.495.087,-486.308.087,,
São João Batista,SC,Rota B - Litoral Norte,-27.277.547,-488.496.101,,
São João do Itaperiú,SC,Rota B - Litoral Norte,-266.186.415,-487.670.219,,
São José,SC,Rota B - Litoral Norte,-276.157.733,-486.276.491,,
São Pedro de Alcântara,SC,Rota B - Litoral Norte,-275.676.985,-488.047.973,,
Schroeder,SC,Rota B - Litoral Norte,-26.411.571,-49.074.041,,
Taió,SC,Rota B - Litoral Norte,-271.167.574,-500.002.159,,
Tijucas,SC,Rota B - Litoral Norte,-27.239.404,-486.353.696,,
Timbó,SC,Rota B - Litoral Norte,-268.282.737,-49.270.641,,
Trombudo Central,SC,Rota B - Litoral Norte,-273.040.981,-4.979.316,,
Vidal Ramos,SC,Rota B - Litoral Norte,-273.908.814,-493.615.664,,
Vitor Meireles,SC,Rota B - Litoral Norte,-26.879.731,-49.833.243,,
Witmarsum,SC,Rota B - Litoral Norte,-26.927.487,-49.794.675,,
Abdon Batista,SC,Rota C - Litoral Sul,-27.612.419,-51.022.992,,
Anita Garibaldi,SC,Rota C - Litoral Sul,-263.184.202,-488.562.776,,
Anitápolis,SC,Rota C - Litoral Sul,-279.041.185,-491.287.395,,
Araranguá,SC,Rota C - Litoral Sul,-289.348.832,-494.858.389,,
Armazém,SC,Rota C - Litoral Sul,-282.624.996,-490.190.126,,
Arroio Trinta,SC,Rota C - Litoral Sul,-269.301.976,-51.334.928,,
Balneário Arroio do Silva,SC,Rota C - Litoral Sul,-289.815.269,-494.189.932,,
Balneário Gaivota,SC,Rota C - Litoral Sul,-291.553.098,-495.808.712,,
Balneário Rincão,SC,Rota C - Litoral Sul,-288.235.718,-492.241.642,,
Bom Jardim da Serra,SC,Rota C - Litoral Sul,-283.380.324,-49.625.588,,
Braço do Norte,SC,Rota C - Litoral Sul,-282.728.633,-491.622.712,,
Brunópolis,SC,Rota C - Litoral Sul,-27.310.953,-50.837.585,,
Campo Belo do Sul,SC,Rota C - Litoral Sul,-278.989.298,-50.759.562,,
Campos Novos,SC,Rota C - Litoral Sul,-273.962.904,-512.224.397,,
Capão Alto,SC,Rota C - Litoral Sul,-279.382.827,-50.511.491,,
Capivari de Baixo,SC,Rota C - Litoral Sul,-28.449.773,-48.963.144,,
Celso Ramos,SC,Rota C - Litoral Sul,-276.335.797,-513.368.111,,
Cerro Negro,SC,Rota C - Litoral Sul,-277.953.331,-508.741.305,,
Cocal do Sul,SC,Rota C - Litoral Sul,-286.007.346,-493.248.697,,
Correia Pinto,SC,Rota C - Litoral Sul,-27.587.688,-50.361.448,,
Criciúma,SC,Rota C - Litoral Sul,-286.789.941,-493.695.627,,
Ermo,SC,Rota C - Litoral Sul,-289.849.219,-496.427.198,,
Erval Velho,SC,Rota C - Litoral Sul,-272.747.859,-514.429.712,,
Forquilhinha,SC,Rota C - Litoral Sul,-287.487.602,-494.737.661,,
Garopaba,SC,Rota C - Litoral Sul,-280.274.798,-486.240.197,,
Grão-Pará,SC,Rota C - Litoral Sul,-281.856.937,-492.163.956,,
Gravatal,SC,Rota C - Litoral Sul,-283.300.703,-490.362.296,,
Herval d'Oeste,SC,Rota C - Litoral Sul,-2.717.361,-514.903.659,,
Ibiam,SC,Rota C - Litoral Sul,-271.819.094,-512.369.886,,
Ibicaré,SC,Rota C - Litoral Sul,-27.088.141,-51.368.101,,
Içara,SC,Rota C - Litoral Sul,-287.116.553,-492.971.441,,
Imaruí,SC,Rota C - Litoral Sul,-283.440.491,-488.151.737,,
Imbituba,SC,Rota C - Litoral Sul,-28.241.827,-486.643.444,,
Iomerê,SC,Rota C - Litoral Sul,-270.019.673,-512.405.514,,
Jacinto Machado,SC,Rota C - Litoral Sul,-28.999.338,-497.603.204,,
Jaguaruna,SC,Rota C - Litoral Sul,-286.237.365,-490.288.664,,
Joaçaba,SC,Rota C - Litoral Sul,-271.737.204,-515.065.214,,
Lages,SC,Rota C - Litoral Sul,-278.165.664,-50.325.883,,
Laguna,SC,Rota C - Litoral Sul,-284.837.443,-487.816.572,,
Lauro Müller,SC,Rota C - Litoral Sul,-283.942.244,-493.975.402,,
Luzerna,SC,Rota C - Litoral Sul,-271.294.338,-514.686.169,,
Macieira,SC,Rota C - Litoral Sul,-268.541.639,-513.763.845,,
Maracajá,SC,Rota C - Litoral Sul,-288.628.566,-49.449.388,,
Meleiro,SC,Rota C - Litoral Sul,-288.303.183,-496.349.851,,
Monte Carlo,SC,Rota C - Litoral Sul,-272.216.645,-509.784.032,,
Morro da Fumaça,SC,Rota C - Litoral Sul,-286.522.275,-492.133.979,,
Morro Grande,SC,Rota C - Litoral Sul,-2.880.057,-49.721.362,,
Nova Veneza,SC,Rota C - Litoral Sul,-28.637.371,-494.997.634,,
Orleans,SC,Rota C - Litoral Sul,-283.572.698,-492.872.434,,
Painel,SC,Rota C - Litoral Sul,-279.214.849,-500.994.933,,
Passo de Torres,SC,Rota C - Litoral Sul,-29.325.393,-497.218.979,,
Paulo Lopes,SC,Rota C - Litoral Sul,-27.964.968,-486.830.299,,
Pedras Grandes,SC,Rota C - Litoral Sul,-284.357.866,-491.864.128,,
Pescaria Brava,SC,Rota C - Litoral Sul,-283.845.591,-488.658.054,,
Pinheiro Preto,SC,Rota C - Litoral Sul,-270.457.296,-512.296.306,,
Ponte Alta,SC,Rota C - Litoral Sul,-27.483.497,-50.376.404,,
Praia Grande,SC,Rota C - Litoral Sul,-291.966.831,-499.491.971,,
Rio Fortuna,SC,Rota C - Litoral Sul,-281.335.539,-491.048.223,,
Rio Rufino,SC,Rota C - Litoral Sul,-27.861.691,-497.806.323,,
Salto Veloso,SC,Rota C - Litoral Sul,-269.071.647,-51.406.771,,
Sangão,SC,Rota C - Litoral Sul,-286.397.512,-491.266.106,,
Santa Rosa de Lima,SC,Rota C - Litoral Sul,-280.404.239,-491.280.356,,
Santa Rosa do Sul,SC,Rota C - Litoral Sul,-291.354.955,-497.154.188,,
São Bonifácio,SC,Rota C - Litoral Sul,-27.900.907,-48.932.608,,
São João do Sul,SC,Rota C - Litoral Sul,-292.246.601,-498.081.785,,
São Joaquim,SC,Rota C - Litoral Sul,-282.924.972,-499.353.255,,
São José do Cerrito,SC,Rota C - Litoral Sul,-276.627.041,-505.791.762,,
São Ludgero,SC,Rota C - Litoral Sul,-283.243.832,-49.174.819,,
São Martinho,SC,Rota C - Litoral Sul,-28.165.018,-489.793.424,,
Siderópolis,SC,Rota C - Litoral Sul,-28.597.588,-494.250.007,,
Sombrio,SC,Rota C - Litoral Sul,-29.107.985,-49.632.776,,
Tangará,SC,Rota C - Litoral Sul,-270.997.957,-512.477.143,,
Timbé do Sul,SC,Rota C - Litoral Sul,-288.300.122,-498.466.056,,
Treviso,SC,Rota C - Litoral Sul,-285.153.879,-494.582.122,,
Treze de Maio,SC,Rota C - Litoral Sul,-285.574.415,-491.447.586,,
Treze Tílias,SC,Rota C - Litoral Sul,-269.996.788,-514.073.067,,
Tubarão,SC,Rota C - Litoral Sul,-28.471.488,-49.014.132,,
Turvo,SC,Rota C - Litoral Sul,-289.277.445,-496.792.206,,
Urubici,SC,Rota C - Litoral Sul,-28.015.663,-49.592.547,,
Urupema,SC,Rota C - Litoral Sul,-279.557.716,-49.875.957,,
Urussanga,SC,Rota C - Litoral Sul,-285.191.381,-493.201.776,,
Vargem,SC,Rota C - Litoral Sul,-274.909.659,-509.781.096,,
Agudos do Sul,PR,Rota D - Paraná,-259.890.808,-493.328.175,,
Antônio Olinto,PR,Rota D - Paraná,-259.849.006,-501.974.516,,
Araucária,PR,Rota D - Paraná,-255.861.107,-494.051.209,,
Balsa Nova,PR,Rota D - Paraná,-255.842.234,-496.312.741,,
Bela Vista do Toldo,SC,Rota D - Paraná,-26.274.625,-50.466.354,,
Bituruna,PR,Rota D - Paraná,-26.161.281,-515.533.319,,
Calmon,SC,Rota D - Paraná,-266.023.644,-510.992.893,,
Campo Alegre,SC,Rota D - Paraná,-261.941.684,-492.657.484,,
Campo do Tenente,PR,Rota D - Paraná,-259.814.143,-49.684.518,,
Campo Largo,PR,Rota D - Paraná,-254.597.726,-495.270.851,,
Canoinhas,SC,Rota D - Paraná,-261.755.121,-503.949.592,,
Contenda,PR,Rota D - Paraná,-25.678.811,-49.535.044,,
Curitiba,PR,Rota D - Paraná,-254.295.963,-492.712.724,,
Fazenda Rio Grande,PR,Rota D - Paraná,-25.645.841,-493.126.653,,
Fernandes Pinheiro,PR,Rota D - Paraná,-254.148.066,-505.489.837,,
General Carneiro,PR,Rota D - Paraná,-26.422.982,-513.146.691,,
Guaratuba,PR,Rota D - Paraná,-258.806.192,-485.750.905,,
Irati,PR,Rota D - Paraná,-25.469.663,-50.649.287,,
Irineópolis,SC,Rota D - Paraná,-26.242.006,-50.795.687,,
Itaiópolis,SC,Rota D - Paraná,-263.391.899,-499.071.983,,
Ivaí,PR,Rota D - Paraná,-250.069.795,-508.568.896,,
Lapa,PR,Rota D - Paraná,-2.576.709,-49.716.777,,
Mafra,SC,Rota D - Paraná,-261.150.943,-498.035.982,,
Major Vieira,SC,Rota D - Paraná,-263.654.856,-503.272.634,,
Mallet,PR,Rota D - Paraná,-258.829.457,-508.289.338,,
Mandirituba,PR,Rota D - Paraná,-257.772.457,-493.279.107,,
Matinhos,PR,Rota D - Paraná,-258.187.096,-48.534.204,,
Matos Costa,SC,Rota D - Paraná,-264.739.837,-511.509.787,,
Monte Castelo,SC,Rota D - Paraná,-26.460.989,-50.232.724,,
Morretes,PR,Rota D - Paraná,-254.770.051,-488.321.911,,
Palmeira,PR,Rota D - Paraná,-254.269.718,-499.987.787,,
Papanduva,SC,Rota D - Paraná,-264.085.449,-501.424.094,,
Paranaguá,PR,Rota D - Paraná,-255.148.822,-485.226.695,,
Paula Freitas,PR,Rota D - Paraná,-262.092.739,-50.936.462,,
Paulo Frontin,PR,Rota D - Paraná,-260.399.524,-508.337.759,,
Piên,PR,Rota D - Paraná,-260.988.916,-494.297.904,,
Pinhais,PR,Rota D - Paraná,-254.443.488,-491.900.307,,
Piraquara,PR,Rota D - Paraná,-254.423.273,-490.604.473,,
Pontal do Paraná,PR,Rota D - Paraná,-25.574.765,-483.614.806,,
Porto Amazonas,PR,Rota D - Paraná,-255.494.226,-498.973.805,,
Porto União,SC,Rota D - Paraná,-262.336.416,-51.082.771,,
Porto Vitória,PR,Rota D - Paraná,-261.605.673,-512.239.397,,
Quitandinha,PR,Rota D - Paraná,-258.737.269,-494.977.717,,
Rebouças,PR,Rota D - Paraná,-256.259.339,-506.946.598,,
Rio Azul,PR,Rota D - Paraná,-25.726.644,-50.790.534,,
Rio Negrinho,SC,Rota D - Paraná,-26.259.075,-49.517.746,,
Rio Negro,PR,Rota D - Paraná,-261.047.668,-497.982.766,,
São Bento do Sul,SC,Rota D - Paraná,-262.483.669,-493.820.672,,
São João do Triunfo,PR,Rota D - Paraná,-25.682.971,-5.029.492,,
São José dos Pinhais,PR,Rota D - Paraná,-25.533.816,-492.072.163,,
São Mateus do Sul,PR,Rota D - Paraná,-25.866.823,-50.382.796,,
Tijucas do Sul,PR,Rota D - Paraná,-259.273.376,-49.179.265,,
Timbó Grande,SC,Rota D - Paraná,-266.170.507,-506.742.579,,
Três Barras,SC,Rota D - Paraná,-26.105.632,-50.319.692,,
União da Vitória,PR,Rota D - Paraná,-26.228.596,-510.869.796,,
Abatiá,PR,,-233.052.967,-503.102.532,,
Adrianópolis,PR,,-246.557.863,-489.912.769,,
Almirante Tamandaré,PR,,-253.133.048,-492.997.838,,
Altamira do Paraná,PR,,-24.798.939,-527.132.201,,
Alto Paraíso,PR,,-23.508.137,-53.728.537,,
Alto Paraná,PR,,-23.131.247,-52.318.893,,
Alto Piquiri,PR,,-240.239.021,-534.417.448,,
Altônia,PR,,-238.722.004,-53.894.037,,
Alvorada do Sul,PR,,-227.807.269,-512.307.721,,
Amaporã,PR,,-23.094.272,-52.786.597,,
Anahy,PR,,-246.450.861,-531.337.957,,
Andirá,PR,,-230.494.761,-502.310.027,,
Ângulo,PR,,-231.958.345,-519.094.976,,
Antonina,PR,,-254.298.854,-487.125.431,,
Apucarana,PR,,-235.525.327,-514.610.764,,
Arapongas,PR,,-234.152.862,-514.293.961,,
Arapoti,PR,,-241.457.957,-498.224.605,,
Arapuã,PR,,-243.079.525,-517.901.941,,
Araruna,PR,,-239.320.308,-524.976.047,,
Ariranha do Ivaí,PR,,-243.834.527,-515.876.772,,
Assaí,PR,,-233.736.041,-508.454.929,,
Assis Chateaubriand,PR,,-244.054.826,-535.120.468,,
Astorga,PR,,-232.350.184,-516.647.074,,
Atalaia,PR,,-231.513.833,-520.529.697,,
Bandeirantes,PR,,-23.107.788,-50.370.407,,
Barbosa Ferraz,PR,,-240.287.182,-5.200.811,,
Barra do Jacaré,PR,,-231.151.788,-501.813.945,,
Bela Vista do Paraíso,PR,,-229.948.493,-511.907.996,,
Boa Esperança,PR,,-242.411.024,-527.860.277,,
Boa Ventura de São Roque,PR,,-2.488.177,-515.441.292,,
Bocaiuva do Sul,PR,,-25.206.591,-49.114.131,,
Bom Sucesso,PR,,-237.101.968,-517.661.597,,
Borrazópolis,PR,,-239.399.295,-515.842.203,,
Braganey,PR,,-248.179.919,-53.118.506,,
Brasilândia do Sul,PR,,-241.975.793,-53.527.551,,
Cafeara,PR,,-2.278.905,-51.714.195,,
Cafelândia,PR,,-246.176.963,-533.218.057,,
Cafezal do Sul,PR,,-23.900.508,-53.512.418,,
Califórnia,PR,,-236.672.543,-513.554.556,,
Cambará,PR,,-23.042.273,-50.075.281,,
Cambé,PR,,-232.782.035,-512.779.583,,
Cambira,PR,,-236.002.773,-515.809.914,,
Campina da Lagoa,PR,,-245.937.926,-528.038.965,,
Campina do Simão,PR,,-251.086.375,-518.076.658,,
Campina Grande do Sul,PR,,-253.046.032,-490.545.355,,
Campo Bonito,PR,,-250.328.004,-52.992.976,,
Campo Magro,PR,,-253.691.533,-494.496.921,,
Campo Mourão,PR,,-24.046.329,-5.237.802,,
Cândido de Abreu,PR,,-245.747.463,-513.432.207,,
Cantagalo,PR,,-253.735.238,-521.238.114,,
Carambeí,PR,,-249.513.298,-501.171.293,,
Carlópolis,PR,,-234.285.011,-497.208.814,,
Castro,PR,,-24.794.072,-499.972.914,,
Centenário do Sul,PR,,-22.821.497,-515.951.456,,
Cerro Azul,PR,,-248.245.108,-492.615.181,,
Cianorte,PR,,-23.662.036,-526.103.989,,
Cidade Gaúcha,PR,,-233.816.558,-529.444.098,,
Colombo,PR,,-252.925.439,-492.243.472,,
Colorado,PR,,-228.385.097,-519.730.135,,
Congonhinhas,PR,,-235.497.241,-505.520.182,,
Conselheiro Mairinck,PR,,-236.229.983,-501.706.779,,
Corbélia,PR,,-247.951.117,-532.961.804,,
Cornélio Procópio,PR,,-231.825.218,-506.499.263,,
Corumbataí do Sul,PR,,-24.100.956,-5.211.766,,
Cruz Machado,PR,,-260.184.626,-513.503.171,,
Cruzeiro do Oeste,PR,,-237.839.582,-530.709.425,,
Cruzeiro do Sul,PR,,-229.623.678,-521.625.688,,
Cruzmaltina,PR,,-239.930.826,-514.435.583,,
Curiúva,PR,,-240.383.013,-50.455.484,,
Diamante do Norte,PR,,-226.565.442,-528.589.113,,
Diamante do Sul,PR,,-250.436.147,-526.800.923,,
Diamante D'Oeste,PR,,-249.446.989,-541.028.594,,
Douradina,PR,,-233.847.331,-532.932.989,,
Doutor Camargo,PR,,-235.575.611,-522.185.546,,
Doutor Ulysses,PR,,-245.661.713,-494.203.013,,
Engenheiro Beltrão,PR,,-237.996.003,-522.592.684,,
Entre Rios do Oeste,PR,,-247.002.098,-542.448.233,,
Esperança Nova,PR,,-237.246.134,-538.105.174,,
Farol,PR,,-240.935.055,-526.232.183,,
Faxinal,PR,,-24.001.212,-513.222.727,,
Fênix,PR,,-239.169.495,-519.801.443,,
Figueira,PR,,-238.481.018,-504.059.875,,
Floraí,PR,,-233.206.134,-523.009.856,,
Floresta,PR,,-236.144.046,-520.819.003,,
Florestópolis,PR,,-228.663.942,-513.905.121,,
Flórida,PR,,-230.861.312,-519.540.843,,
Formosa do Oeste,PR,,-242.966.562,-53.312.801,,
Foz do Iguaçu,PR,,-255.401.479,-545.858.139,,
Francisco Alves,PR,,-240.694.395,-53.844.348,,
Godoy Moreira,PR,,-241.925.289,-519.232.662,,
Goioxim,PR,,-251.987.274,-519.924.229,,
Grandes Rios,PR,,-241.454.626,-515.063.628,,
Guaíra,PR,,-240.851.924,-542.567.519,,
Guairaçá,PR,,-229.352.304,-526.865.101,,
Guamiranga,PR,,-251.909.033,-508.116.961,,
Guapirama,PR,,-235.164.582,-500.431.538,,
Guaporema,PR,,-23.340.218,-52.778.605,,
Guaraci,PR,,-22.970.394,-516.479.769,,
Guaraniaçu,PR,,-2.510.035,-52.867.811,,
Guarapuava,PR,,-253.950.986,-514.622.016,,
Guaraqueçaba,PR,,-252.983.566,-483.290.185,,
Ibaiti,PR,,-238.452.962,-501.905.666,,
Ibiporã,PR,,-232.684.137,-510.475.907,,
Icaraíma,PR,,-233.948.345,-536.162.036,,
Iguaraçu,PR,,-231.972.911,-518.244.524,,
Iguatu,PR,,-247.170.385,-530.865.561,,
Imbaú,PR,,-24.447.597,-507.557.188,,
Imbituva,PR,,-252.293.338,-506.051.002,,
Inácio Martins,PR,,-255.725.435,-510.764.637,,
Inajá,PR,,-227.530.214,-521.976.067,,
Indianópolis,PR,,-234.807.249,-526.987.037,,
Ipiranga,PR,,-250.239.759,-505.854.615,,
Iporã,PR,,-240.039.474,-537.100.595,,
Iracema do Oeste,PR,,-24.427.888,-533.539.137,,
Iretama,PR,,-244.205.941,-521.013.532,,
Itaguajé,PR,,-22.618.282,-51.967.351,,
Itaipulândia,PR,,-251.417.007,-542.980.691,,
Itambaracá,PR,,-230.176.678,-50.406.887,,
Itambé,PR,,-23.659.424,-519.903.555,,
Itaperuçu,PR,,-252.212.291,-493.458.394,,
Itaúna do Sul,PR,,-227.302.304,-528.854.393,,
Ivaiporã,PR,,-242.433.517,-516.719.268,,
Ivaté,PR,,-234.084.656,-533.698.352,,
Ivatuba,PR,,-23.618.722,-522.174.491,,
Jaboti,PR,,-237.419.073,-500.752.639,,
Jacarezinho,PR,,-231.590.428,-499.739.664,,
Jaguapitã,PR,,-231.102.516,-515.327.741,,
Jaguariaíva,PR,,-242.589.699,-497.201.518,,
Jandaia do Sul,PR,,-236.003.907,-51.645.674,,
Janiópolis,PR,,-24.140.124,-5.277.836,,
Japira,PR,,-238.119.773,-501.397.133,,
Japurá,PR,,-23.469.273,-5.255.572,,
Jardim Alegre,PR,,-241.795.192,-516.927.177,,
Jardim Olinda,PR,,-225.520.625,-52.036.373,,
Jataizinho,PR,,-23.257.815,-50.977.748,,
Jesuítas,PR,,-243.807.263,-533.855.699,,
Joaquim Távora,PR,,-234.999.724,-499.232.545,,
Juranda,PR,,-24.420.866,-52.841.344,,
Jussara,PR,,-23.621.931,-5.246.931,,
Kaloré,PR,,-238.242.643,-516.683.666,,
Laranjal,PR,,-248.909.736,-524.726.747,,
Leópolis,PR,,-230.789.091,-507.501.808,,
Lidianópolis,PR,,-241.073.464,-516.525.676,,
Loanda,PR,,-229.320.944,-531.352.452,,
Lobato,PR,,-230.077.055,-519.524.309,,
Londrina,PR,,-233.112.878,-511.595.023,,
Luiziana,PR,,-242.838.237,-522.767.531,,
Lunardelli,PR,,-240.793.542,-517.421.822,,
Lupionópolis,PR,,-227.558.205,-516.575.301,,
Mamborê,PR,,-243.084.433,-525.298.446,,
Mandaguaçu,PR,,-233.485.076,-520.966.215,,
Mandaguari,PR,,-235.224.849,-516.787.511,,
Manoel Ribas,PR,,-245.177.239,-516.685.729,,
Marechal Cândido Rondon,PR,,-245.582.532,-540.587.821,,
Maria Helena,PR,,-236.139.395,-53.206.135,,
Marialva,PR,,-234.820.987,-51.795.788,,
Marilândia do Sul,PR,,-237.462.425,-513.021.452,,
Marilena,PR,,-227.358.333,-53.04,,
Mariluz,PR,,-240.031.216,-53.148.113,,
Maripá,PR,,-24.419.978,-53.828.641,,
Marquinho,PR,,-251.133.759,-522.581.854,,
Marumbi,PR,,-237.070.343,-516.408.276,,
Mato Rico,PR,,-247.045.571,-521.493.001,,
Mauá da Serra,PR,,-239.045.517,-512.261.166,,
Mercedes,PR,,-244.504.957,-541.647.255,,
Mirador,PR,,-23.257.015,-527.756.432,,
Miraselva,PR,,-229.675.823,-514.847.793,,
Missal,PR,,-250.913.359,-542.476.738,,
Moreira Sales,PR,,-240.509.413,-530.101.722,,
Munhoz de Melo,PR,,-228.265.515,-515.943.884,,
Nossa Senhora das Graças,PR,,-229.138.823,-517.962.681,,
Nova Aliança do Ivaí,PR,,-23.176.271,-52.603.244,,
Nova América da Colina,PR,,-233.315.888,-507.182.735,,
Nova Aurora,PR,,-245.282.336,-532.576.703,,
Nova Esperança,PR,,-231.818.437,-521.999.852,,
Nova Fátima,PR,,-23.433.056,-505.618.055,,
Nova Laranjeiras,PR,,-25.305.376,-52.544.682,,
Nova Londrina,PR,,-227.633.621,-529.875.908,,
Nova Olímpia,PR,,-234.699.403,-53.090.112,,
Nova Santa Bárbara,PR,,-235.860.638,-507.638.011,,
Nova Santa Rosa,PR,,-24.468.132,-539.547.649,,
Nova Tebas,PR,,-24.437.958,-51.945.357,,
Novo Itacolomi,PR,,-237.635.774,-515.076.578,,
Ortigueira,PR,,-242.088.891,-50.925.043,,
Ourizona,PR,,-234.047.001,-521.954.085,,
Ouro Verde do Oeste,PR,,-247.741.302,-53.906.938,,
Paiçandu,PR,,-234.575.884,-52.048.988,,
Palmital,PR,,-248.842.985,-522.113.941,,
Palotina,PR,,-242.839.929,-538.405.463,,
Paraíso do Norte,PR,,-232.841.185,-526.024.125,,
Paranacity,PR,,-229.304.971,-521.523.164,,
Paranapoema,PR,,-226.561.084,-520.865.163,,
Paranavaí,PR,,-2.308.165,-52.461.724,,
Pato Bragado,PR,,-246.270.545,-542.264.587,,
Peabirú,PR,,-239.142.123,-523.455.598,,
Perobal,PR,,-23.894.861,-53.409.838,,
Pérola,PR,,-238.031.666,-536.824.972,,
Pinhalão,PR,,-237.889.966,-500.577.318,,
Pinhão,PR,,-256.960.895,-516.566.366,,
Piraí do Sul,PR,,-245.346.602,-499.399.216,,
Pitanga,PR,,-24.759.586,-517.637.582,,
Pitangueiras,PR,,-232.313.428,-51.587.301,,
Planaltina do Paraná,PR,,-230.228.724,-529.160.307,,
Ponta Grossa,PR,,-250.891.685,-501.601.812,,
Porecatu,PR,,-22.753.724,-5.137.949,,
Porto Rico,PR,,-22.774.742,-53.267.731,,
Prado Ferreira,PR,,-23.039.784,-514.431.235,,
Presidente Castelo Branco,PR,,-232.790.844,-521.528.771,,
Primeiro de Maio,PR,,-22.851.714,-51.029.251,,
Prudentópolis,PR,,-25.203.358,-509.895.774,,
Quarto Centenário,PR,,-2.427.904,-53.075.881,,
Quatiguá,PR,,-235.669.626,-499.160.315,,
Quatro Barras,PR,,-253.708.987,-490.745.672,,
Quatro Pontes,PR,,-245.741.062,-539.780.237,,
Querência do Norte,PR,,-23.083.758,-53.483.022,,
Quinta do Sol,PR,,-238.494.169,-521.334.452,,
Ramilândia,PR,,-251.190.203,-540.301.175,,
Rancho Alegre,PR,,-23.070.922,-509.142.676,,
Rancho Alegre D'Oeste,PR,,-243.065.214,-529.551.791,,
Reserva,PR,,-246.545.336,-508.484.432,,
Reserva do Iguaçu,PR,,-258.365.103,-52.028.256,,
Ribeirão Claro,PR,,-231.960.492,-497.568.326,,
Ribeirão do Pinhal,PR,,-234.063.092,-503.581.945,,
Rio Bom,PR,,-237.618.456,-514.127.871,,
Rio Branco do Ivaí,PR,,-243.193.396,-513.139.672,,
Rio Branco do Sul,PR,,-251.885.374,-493.119.082,,
Rolândia,PR,,-233.119.901,-513.674.145,,
Roncador,PR,,-245.960.555,-522.744.834,,
Rondon,PR,,-234.171.839,-527.722.221,,
Rosário do Ivaí,PR,,-242.545.374,-512.505.025,,
Sabáudia,PR,,-23.319.019,-515.544.109,,
Salto do Itararé,PR,,-236.038.767,-49.626.581,,
Santa Amélia,PR,,-232.661.996,-504.278.622,,
Santa Cecília do Pavão,PR,,-235.176.577,-507.837.199,,
Santa Cruz de Monte Castelo,PR,,-229.582.028,-53.294.859,,
Santa Fé,PR,,-23.039.993,-51.808.014,,
Santa Helena,PR,,-248.591.735,-543.328.813,,
Santa Inês,PR,,-22.640.225,-519.031.333,,
Santa Isabel do Ivaí,PR,,-230.013.818,-531.940.876,,
Santa Maria do Oeste,PR,,-249.392.355,-518.712.242,,
Santa Mariana,PR,,-231.499.367,-505.199.587,,
Santa Mônica,PR,,-231.085.921,-531.103.971,,
Santa Tereza do Oeste,PR,,-250.511.956,-536.161.834,,
Santana do Itararé,PR,,-237.566.225,-496.292.826,,
Santo Antônio da Platina,PR,,-232.957.157,-500.778.957,,
Santo Antônio do Caiuá,PR,,-227.365.132,-523.446.998,,
Santo Antônio do Paraíso,PR,,-234.949.247,-506.468.656,,
Santo Inácio,PR,,-226.973.239,-51.792.679,,
São Carlos do Ivaí,PR,,-23.315.828,-52.476.143,,
São Jerônimo da Serra,PR,,-237.221.275,-507.389.164,,
São João do Caiuá,PR,,-228.544.849,-523.371.114,,
São João do Ivaí,PR,,-239.914.063,-518.232.148,,
São Jorge do Ivaí,PR,,-234.327.325,-522.924.553,,
São Jorge do Patrocínio,PR,,-237.612.908,-538.806.252,,
São José da Boa Vista,PR,,-239.171.872,-496.508.016,,
São José das Palmeiras,PR,,-248.350.864,-540.621.488,,
São Manoel do Paraná,PR,,-23.394.137,-52.645.376,,
São Miguel do Iguaçu,PR,,-25.349.171,-54.240.498,,
São Pedro do Iguaçu,PR,,-249.341.766,-538.579.529,,
São Pedro do Ivaí,PR,,-238.660.384,-518.563.711,,
São Pedro do Paraná,PR,,-228.240.967,-53.222.755,,
São Sebastião da Amoreira,PR,,-234.647.501,-507.605.173,,
São Tomé,PR,,-23.534.946,-52.590.125,,
Sapopema,PR,,-239.105.099,-505.791.315,,
Sarandi,PR,,-23.444.117,-51.876.016,,
Sengés,PR,,-241.141.771,-494.644.197,,
Sertaneja,PR,,-230.367.627,-50.816.802,,
Sertanópolis,PR,,-230.600.434,-510.373.544,,
Siqueira Campos,PR,,-23.687.481,-49.830.416,,
Tamarana,PR,,-237.223.793,-510.936.013,,
Tamboara,PR,,-231.995.071,-525.000.131,,
Tapejara,PR,,-237.334.411,-528.701.739,,
Tapira,PR,,-23.323.146,-530.712.033,,
Teixeira Soares,PR,,-253.719.287,-504.586.285,,
Telêmaco Borba,PR,,-243.282.939,-506.318.021,,
Terra Boa,PR,,-23.768.329,-52.447.002,,
Terra Rica,PR,,-227.264.874,-526.202.541,,
Terra Roxa,PR,,-241.670.468,-54.097.432,,
Tibagi,PR,,-245.151.667,-504.101.487,,
Toledo,PR,,-247.222.438,-537.402.476,,
Tomazina,PR,,-237.777.942,-499.546.482,,
Tunas do Paraná,PR,,-249.761.456,-490.854.528,,
Tuneiras do Oeste,PR,,-238.672.329,-528.749.376,,
Tupãssi,PR,,-245.857.992,-535.129.537,,
Turvoxxxx,PR,,-25.043.933,-515.392.172,,
Ubiratã,PR,,-24.542.725,-529.899.678,,
Umuarama,PR,,-237.621.152,-533.116.192,,
Uniflor,PR,,-230.853.871,-521.584.403,,
Uraí,PR,,-23.199.997,-50.793.873,,
Ventania,PR,,-242.470.771,-50.245.452,,
Vera Cruz do Oeste,PR,,-25.058.614,-538.785.648,,
Virmond,PR,,-253.816.653,-522.034.599,,
Wenceslau Braz,PR,,-238.748.841,-498.035.872,,
Xambrê,PR,,-237.361.723,-534.881.707,,
